{
  "project_info": {
    "project_number": "712242979031",
    "project_id": "fir-flutter-codelab-96252",
    "storage_bucket": "fir-flutter-codelab-96252.appspot.com"
  },
  "client": [
    {
      "client_info": {
        "mobilesdk_app_id": "1:712242979031:android:8cd6c5f5c463c7304cd092",
        "android_client_info": {
          "package_name": "com.pm.app"
        }
      },
      "oauth_client": [],
      "api_key": [
        {
          "current_key": "AIzaSyCNR1uGPoZuUpD-3qEs3xBTfD3IOv03D3U"
        }
      ],
      "services": {
        "appinvite_service": {
          "other_platform_oauth_client": []
        }
      }
    }
  ],
  "configuration_version": "1"
}