{"flutter":{"platforms":{"android":{"default":{"projectId":"fir-flutter-codelab-96252","appId":"1:712242979031:android:8cd6c5f5c463c7304cd092","fileOutput":"android/app/google-services.json"}},"dart":{"lib/firebase_options.dart":{"projectId":"fir-flutter-codelab-96252","configurations":{"android":"1:712242979031:android:8cd6c5f5c463c7304cd092","ios":"1:712242979031:ios:cce6c90437cb02b44cd092","macos":"1:712242979031:ios:cce6c90437cb02b44cd092","web":"1:712242979031:web:066273285b1944bf4cd092","windows":"1:712242979031:web:36e0a84b822977b54cd092"}}}}}}